Student Id,Off Class,Days Enrolled,Full Day Present,Full Day Absent,Half Day,Total Late,Percent Attd
238550826,190,178,174,4,0,5,97.7
209267160,FYS,168,157,10,1,1,94
247280217,190,178,160,18,0,5,89.8
218602704,10A,178,168,10,0,104,94.3
221213218,190,0,0,0,0,0,0
215902784,12A,167,163,4,0,6,97.6
217856194,10A,178,167,11,0,3,93.8
224566059,190,178,173,5,0,0,97.1
227994597,0,159,156,3,0,0,98.1
235293644,12A,166,161,5,0,0,96.9
221317076,10A,178,175,3,0,1,98.3
223041351,10A,179,174,4,1,1,97.7
215795931,11A,167,160,7,0,0,95.8
219699303,11A,167,159,8,0,0,95.2
226809945,190,178,178,0,0,4,100
224702423,190,0,0,0,0,0,0
221320880,10A,178,175,3,0,1,98.3
218792398,12A,167,167,0,0,0,100
225896174,11A,167,164,3,0,0,98.2
220178024,11A,167,164,3,0,0,98.2
225573294,0,178,153,25,0,36,85.9
240870212,190,178,177,1,0,0,99.4
208652768,FYS,166,153,13,0,0,92.1
207532482,FYS,167,154,13,0,7,92.2
215259300,12A,167,164,3,0,0,98.2
224281527,190,178,173,5,0,0,97.1
215015157,12A,167,162,5,0,0,97
220138630,FYS,167,140,27,0,3,83.8
215092461,FYS,168,151,16,1,8,90.4
225122522,190,178,173,5,0,0,97.1
223992959,10A,179,177,2,0,4,98.8
215578295,FYS,168,141,26,1,2,84.5
243722998,190,177,177,0,0,0,100
215983347,11A,167,161,6,0,0,96.4
227223328,190,0,0,0,0,0,0
224284182,190,178,171,7,0,0,96
232778670,199,178,167,11,0,30,93.8
223125055,10D,178,172,6,0,0,96.6
222688905,190,179,168,11,0,47,93.8
229136585,11A,167,159,8,0,1,95.2
210575643,12A,168,163,4,1,2,97.6
215941683,11A,167,152,15,0,0,91
221333248,10A,178,167,11,0,105,93.8
224565176,190,178,172,6,0,1,96.6
215439407,11D,167,162,5,0,0,97
246884522,11A,167,155,12,0,0,92.8
247913817,10A,170,156,14,0,4,91.7
231558644,190,178,161,17,0,38,90.4
209025923,FYS,167,116,51,0,3,69.4
245004429,10A,178,160,18,0,93,89.8
243703584,11A,167,163,4,0,0,97.6
219748233,11A,167,162,5,0,0,97
223724915,10A,178,170,8,0,2,95.5
239543150,FYS,168,146,21,1,5,87.5
227438447,190,178,177,1,0,5,99.4
214207425,12A,167,141,26,0,1,84.4
230397564,190,178,169,9,0,2,94.9
209288695,FYS,168,118,49,1,9,70.8
222555377,10A,177,168,9,0,7,94.9
217064237,12A,167,166,1,0,1,99.4
220105902,11D,167,155,12,0,0,92.8
214952152,11A,167,165,2,0,0,98.8
217939511,11A,167,167,0,0,1,100
214864449,190,178,176,2,0,0,98.8
223145160,0,178,172,6,0,15,96.6
218605244,12A,167,153,14,0,0,91.6
223571688,0,178,170,8,0,0,95.5
215298001,12A,160,137,23,0,2,85.6
217608058,10A,178,172,6,0,8,96.6
208536409,12D,167,158,9,0,4,94.6
216280271,11A,167,155,12,0,0,92.8
214708513,11D,167,166,1,0,0,99.4
222827081,10A,180,157,21,2,31,88.3
208699256,FYS,167,163,4,0,13,97.6
217266865,12A,167,167,0,0,0,100
225180520,0,178,172,6,0,1,96.6
221316409,10A,178,174,4,0,0,97.7
233638790,190,178,178,0,0,0,100
221322225,10A,178,174,4,0,24,97.7
226084390,190,177,173,4,0,2,97.7
223451907,0,0,0,0,0,0,0
216878447,12A,167,165,2,0,3,98.8
203532015,10A,178,175,3,0,0,98.3
208799304,FYS,168,151,16,1,20,90.4
219726635,11A,166,154,12,0,2,92.7
222216806,11A,167,144,23,0,0,86.2
225122639,190,178,171,7,0,6,96
209094366,12D,167,152,15,0,2,91
225668276,10A,178,170,8,0,4,95.5
215192287,11A,167,167,0,0,0,100
231462557,10A,178,174,4,0,1,97.7
219709904,11A,167,163,4,0,0,97.6
222342073,11A,167,166,1,0,0,99.4
214309502,FYS,167,167,0,0,0,100
220195267,11A,167,165,2,0,0,98.8
240039024,12A,167,152,15,0,1,91
212163596,12A,167,162,5,0,0,97
221277874,190,0,0,0,0,0,0
220459002,11A,167,166,1,0,0,99.4
219606209,11A,167,166,1,0,0,99.4
221540297,190,178,175,3,0,0,98.3
222780777,199,178,142,36,0,103,79.7
219219235,10A,178,172,6,0,0,96.6
217108224,12A,167,159,8,0,0,95.2
219538261,11A,167,162,5,0,1,97
218531184,10D,178,164,14,0,65,92.1
244736369,12A,167,160,7,0,0,95.8
219895497,11A,167,164,3,0,0,98.2
213312861,FYS,168,155,12,1,13,92.8
220674287,10D,178,178,0,0,0,100
218264885,11D,167,165,2,0,0,98.8
215328238,FYS,167,158,9,0,0,94.6
216834234,12A,167,158,9,0,0,94.6
208999573,FYS,167,166,1,0,0,99.4
220216873,11A,167,164,3,0,0,98.2
216046219,11D,167,163,4,0,0,97.6
218738029,10A,175,167,8,0,0,95.4
219709870,11A,167,166,1,0,0,99.4
239947898,11A,168,150,17,1,0,89.8
237512231,11A,167,163,4,0,0,97.6
226604429,190,178,172,6,0,6,96.6
233584689,190,177,168,9,0,1,94.9
220365209,10D,178,174,4,0,14,97.7
238550735,11A,167,166,1,0,0,99.4
223959164,190,178,177,1,0,1,99.4
230329286,190,178,171,7,0,67,96
214435091,FYS,167,157,10,0,3,94
222781213,10A,178,177,1,0,0,99.4
219928728,11D,167,157,10,0,0,94
216862979,10A,178,175,3,0,1,98.3
214434540,11D,167,165,2,0,0,98.8
223249996,10A,178,173,5,0,3,97.1
246068589,190,179,173,5,1,5,97.2
221063100,10A,178,165,13,0,4,92.6
207243940,12A,167,167,0,0,0,100
221318272,10A,178,170,8,0,3,95.5
225695139,190,178,175,3,0,6,98.3
221128408,11A,167,148,19,0,0,88.6
220154744,11A,168,155,12,1,1,92.8
226188456,10A,178,139,39,0,3,78
219627031,11A,167,164,3,0,0,98.2
219688637,11A,167,167,0,0,0,100
228583332,190,178,169,9,0,1,94.9
220348486,11A,167,163,4,0,1,97.6
220083885,11D,167,156,11,0,0,93.4
221021108,10A,178,177,1,0,3,99.4
214534000,FYS,167,151,16,0,2,90.4
214510158,FYS,167,164,3,0,0,98.2
209097120,FYS,167,163,4,0,1,97.6
233320548,11D,166,160,6,0,38,96.3
215430869,FYS,166,163,3,0,0,98.1
216825604,12A,167,163,4,0,0,97.6
216736470,12A,166,145,21,0,4,87.3
214534018,11A,167,71,96,0,22,42.5
220791941,199,178,162,16,0,5,91
247239874,190,178,173,5,0,0,97.1
208517334,FYS,166,161,5,0,1,96.9
227958345,190,178,173,5,0,0,97.1
209284785,FYS,168,157,10,1,2,94
216028555,11A,168,164,3,1,0,98.2
228527537,0,178,178,0,0,1,100
219690286,10A,178,166,12,0,59,93.2
216027417,11A,167,167,0,0,1,100
221535925,11A,167,158,9,0,0,94.6
218509974,11A,167,161,6,0,1,96.4
208619569,12A,167,165,2,0,0,98.8
226083913,190,178,177,1,0,0,99.4
226312635,11A,167,167,0,0,0,100
222555450,10A,177,171,6,0,1,96.6
226046068,190,178,172,6,0,0,96.6
227438439,190,178,170,8,0,1,95.5
220769012,190,178,164,14,0,0,92.1
218733970,12A,167,166,1,0,2,99.4
219484912,11A,167,158,9,0,0,94.6
218733954,12A,167,166,1,0,0,99.4
217022615,11A,167,145,22,0,1,86.8
209076660,12A,167,162,5,0,2,97
244846424,12A,167,167,0,0,0,100
217126572,10D,178,111,67,0,70,62.3
244846432,12A,168,164,3,1,0,98.2
244416301,11A,167,167,0,0,0,100
220973192,10A,178,175,3,0,4,98.3
220250187,0,166,164,2,0,0,98.7
214583395,FYS,167,143,24,0,0,85.6
219976503,11A,167,147,20,0,0,88
219926557,12A,167,166,1,0,0,99.4
214676892,12A,167,162,5,0,0,97
222323602,12A,167,43,124,0,2,25.7
215386632,FYS,167,140,27,0,8,83.8
208101345,FYS,167,162,5,0,0,97
220082291,11A,167,163,4,0,0,97.6
242370732,10A,178,166,12,0,3,93.2
215777442,12A,167,162,5,0,0,97
215848680,FYS,166,165,1,0,1,99.3
236838033,10A,0,0,0,0,0,0
222725400,0,178,161,17,0,41,90.4
233766468,190,178,176,2,0,0,98.8
231720285,10A,178,167,11,0,0,93.8
205465602,190,178,175,3,0,2,98.3
209818681,12A,167,55,112,0,13,32.9
219729720,11D,167,162,5,0,0,97
228528147,12A,167,166,1,0,0,99.4
224200212,190,50,49,1,0,6,98
238115612,12A,167,166,1,0,2,99.4
221178007,10D,178,170,8,0,0,95.5
213319890,FYS,167,163,4,0,0,97.6
221309073,10A,177,172,5,0,2,97.1
209046697,FYS,168,89,78,1,18,53.5
216092049,12A,173,172,1,0,1,99.4
220615280,10A,0,0,0,0,0,0
218965598,10A,178,173,5,0,7,97.1
214232886,11A,167,153,14,0,0,91.6
248235731,11A,84,83,1,0,0,98.8
222924169,962,178,178,0,0,0,100
220942684,11A,167,165,2,0,0,98.8
220942692,11A,167,165,2,0,0,98.8
215141466,12A,166,162,4,0,0,97.5
220650543,190,179,160,19,0,78,89.3
219206067,10A,176,172,4,0,0,97.7
227260650,190,178,175,3,0,0,98.3
237401898,12A,167,144,23,0,1,86.2
218563674,10A,178,177,1,0,0,99.4
220511240,10A,179,158,20,1,38,88.8
208644047,12A,167,131,36,0,0,78.4
244645875,0,178,159,19,0,8,89.3
223991332,10A,178,175,3,0,0,98.3
220175830,11A,166,166,0,0,1,100
244846556,12A,167,167,0,0,0,100
218536621,12A,167,167,0,0,0,100
215567348,12A,167,157,10,0,0,94
207090457,FYS,167,165,2,0,2,98.8
218594026,12A,167,167,0,0,0,100
209329465,FYS,167,167,0,0,0,100
204338875,10A,178,172,6,0,10,96.6
228213609,190,178,174,4,0,1,97.7
219217502,10D,178,178,0,0,0,100
230404378,190,178,169,9,0,86,94.9
207293945,12A,167,165,2,0,0,98.8
208929471,FYS,168,164,3,1,13,98.2
225087303,190,178,130,48,0,59,73
221066970,190,179,161,17,1,8,90.5
209800663,12A,167,123,44,0,29,73.6
215792474,11A,167,160,7,0,4,95.8
215515669,12D,167,164,3,0,0,98.2
227232170,10A,175,172,3,0,2,98.2
217228469,12D,167,151,16,0,2,90.4
224816603,190,178,176,2,0,17,98.8
215996521,12A,166,164,2,0,0,98.7
220363964,11A,167,165,2,0,0,98.8
220342380,11D,167,163,4,0,0,97.6
232057109,190,179,177,1,1,1,99.4
211421789,12A,167,153,14,0,0,91.6
230404386,190,178,177,1,0,0,99.4
223568049,10A,178,122,56,0,0,68.5
217323898,12A,167,148,19,0,2,88.6
228071361,190,178,173,5,0,74,97.1
220740989,11A,167,154,13,0,1,92.2
214621054,FYS,167,164,3,0,0,98.2
220645642,962,178,171,7,0,0,96
234661296,11A,167,163,4,0,0,97.6
215615204,12D,167,166,1,0,0,99.4
219542461,12A,167,165,2,0,0,98.8
222780652,10A,178,178,0,0,0,100
219851656,11A,167,130,37,0,8,77.8
220220511,0,178,142,36,0,65,79.7
218653335,12A,167,163,4,0,1,97.6
242349991,10A,178,164,14,0,20,92.1
234723328,10A,0,0,0,0,0,0
225574219,199,178,174,4,0,31,97.7
215788936,12A,167,130,37,0,11,77.8
216091959,11D,167,123,44,0,0,73.6
221861172,10A,178,150,28,0,116,84.2
215436064,12A,167,167,0,0,11,100
216993816,12A,167,158,9,0,1,94.6
226240505,10A,178,172,6,0,5,96.6
223140591,190,180,158,20,2,1,88.8
220736383,11A,167,161,6,0,0,96.4
231136466,11A,167,165,2,0,0,98.8
216142943,12A,167,167,0,0,0,100
223187758,199,178,168,10,0,2,94.3
215216052,FYS,168,126,41,1,4,75.5
220512883,11A,167,158,9,0,1,94.6
217002872,12A,167,148,19,0,1,88.6
219543287,11A,167,161,6,0,1,96.4
231498882,190,178,177,1,0,3,99.4
218675478,12A,167,160,7,0,1,95.8
219740248,10D,178,146,32,0,8,82
216930107,10A,178,173,5,0,0,97.1
246051965,11A,167,165,2,0,1,98.8
224151944,190,178,172,6,0,0,96.6
246046759,190,177,170,7,0,0,96
220836282,11A,167,154,13,0,0,92.2
218252732,10A,178,146,32,0,6,82
207603051,12A,167,166,1,0,6,99.4
219573128,190,0,0,0,0,0,0
215186602,FYS,168,137,30,1,7,82.1
219979333,12A,167,154,13,0,1,92.2
209219161,12D,167,162,5,0,1,97
215338658,FYS,167,167,0,0,0,100
214533689,FYS,167,166,1,0,2,99.4
240972380,190,178,143,35,0,3,80.3
216927640,12D,167,158,9,0,9,94.6
215457441,12D,167,155,12,0,2,92.8
221335953,10A,178,148,30,0,20,83.1
231452814,12A,172,74,92,6,21,46.5
222556615,10A,178,159,19,0,9,89.3
222897563,10A,178,151,27,0,44,84.8
224030270,10A,178,173,5,0,0,97.1
245407473,190,178,166,12,0,0,93.2
220869069,199,178,169,9,0,8,94.9
221493786,10A,178,178,0,0,1,100
216046045,11A,167,166,1,0,0,99.4
225586957,190,179,176,2,1,3,98.8
214486177,FYS,167,147,20,0,6,88
220193049,11A,150,56,94,0,0,37.3
218861235,FYS,166,164,2,0,0,98.7
208680835,12A,167,165,2,0,0,98.8
219626835,12A,167,164,3,0,0,98.2
207350869,FYS,167,165,2,0,1,98.8
243370657,11A,167,160,7,0,0,95.8
211584792,11A,167,166,1,0,1,99.4
219783222,190,178,176,2,0,0,98.8
220775779,190,0,0,0,0,0,0
215932310,10A,31,23,8,0,0,74.1
221231517,190,179,177,1,1,0,99.4
237433123,11A,167,166,1,0,0,99.4
217108653,12A,167,167,0,0,0,100
224702480,199,140,127,13,0,16,90.7
219826146,190,178,166,12,0,34,93.2
233766443,190,178,174,4,0,2,97.7
214978132,FYS,168,110,57,1,27,66
237191705,190,178,159,19,0,0,89.3
216091991,12A,167,159,8,0,1,95.2
220578439,190,177,176,1,0,2,99.4
221698236,190,178,175,3,0,7,98.3
206547598,12D,167,164,3,0,4,98.2
244846531,12A,167,164,3,0,0,98.2
218560118,12A,167,166,1,0,0,99.4
214643397,12A,167,160,7,0,7,95.8
216036764,11A,168,162,5,1,1,97
215706300,12D,167,162,5,0,1,97
235461415,12A,167,139,28,0,1,83.2
209076900,FYS,166,162,4,0,0,97.5
233070978,190,178,175,3,0,6,98.3
229204458,190,178,174,4,0,0,97.7
208946087,FYS,167,167,0,0,3,100
239795701,11A,167,138,29,0,19,82.6
222780975,10A,178,171,7,0,25,96
208764845,FYS,167,163,4,0,0,97.6
220156962,199,178,177,1,0,0,99.4
215767617,12A,167,164,3,0,0,98.2
209088772,12A,167,157,10,0,1,94
216128801,FYS,167,167,0,0,0,100
223200205,10A,178,178,0,0,14,100
209173756,FYS,167,141,26,0,22,84.4
220925275,10A,178,169,9,0,4,94.9
208061788,10D,178,151,27,0,8,84.8
208968321,FYS,167,150,17,0,26,89.8
217767607,12A,167,167,0,0,1,100
215994971,12A,167,161,6,0,0,96.4
219996923,11A,167,165,2,0,0,98.8
209903624,FYS,167,128,39,0,22,76.6
239893373,190,178,176,2,0,0,98.8
215779943,12A,166,156,10,0,5,93.9
216517144,12A,167,148,19,0,0,88.6
225865278,190,178,172,6,0,0,96.6
221286198,10A,178,174,4,0,0,97.7
206548968,12A,166,164,2,0,0,98.7
221909922,0,178,167,11,0,16,93.8
214467565,FYS,167,167,0,0,0,100
224422501,199,178,175,3,0,1,98.3
220690861,0,178,168,10,0,0,94.3
225587062,190,178,173,5,0,7,97.1
209170976,11A,168,160,7,1,0,95.8
227171097,12A,67,48,18,1,2,73.1
223695032,10A,178,139,39,0,11,78
224665240,0,177,169,8,0,2,95.4
220281463,11D,173,166,7,0,1,95.9
215364704,12D,167,163,4,0,0,97.6
223073354,10A,178,174,4,0,0,97.7
217447986,12A,167,157,10,0,0,94
230598427,190,178,178,0,0,0,100
220785109,11A,167,137,30,0,0,82
214664377,FYS,166,166,0,0,0,100
219697349,11D,167,162,5,0,0,97
219702420,11A,167,164,3,0,0,98.2
217115575,12D,167,161,6,0,2,96.4
226084531,190,178,177,1,0,1,99.4
221335151,10A,176,171,5,0,3,97.1
220822290,11A,167,163,4,0,2,97.6
216907519,11A,167,162,5,0,0,97
220110043,12A,167,166,1,0,2,99.4
223457607,10A,178,169,9,0,33,94.9
217442177,11A,167,162,5,0,0,97
217021260,12A,167,162,5,0,0,97
220239032,10A,178,149,29,0,60,83.7
240873893,12A,167,163,4,0,3,97.6
209312636,FYS,167,161,6,0,0,96.4
220640775,10D,178,153,25,0,1,85.9
214367831,FYS,167,104,63,0,10,62.2
215574658,FYS,171,110,57,4,15,66.6
216443549,12D,167,165,2,0,0,98.8
227178167,10A,178,178,0,0,10,100
221321243,10A,178,174,4,0,0,97.7
220309694,11A,167,144,23,0,0,86.2
209266832,FYS,168,153,14,1,11,91.6
219720067,11A,167,160,7,0,0,95.8
229108428,190,179,175,3,1,0,98.3
228527644,190,178,178,0,0,2,100
220741094,11A,167,164,3,0,0,98.2
206341604,12A,167,163,4,0,0,97.6
218658458,12A,166,165,1,0,0,99.3
215886276,12D,167,167,0,0,0,100
224297192,190,179,176,2,1,4,98.8
214104770,12A,167,165,2,0,3,98.8
224565945,0,0,0,0,0,0,0
235311818,10A,178,175,3,0,0,98.3
220962518,10A,178,169,9,0,1,94.9
243991627,11A,167,163,4,0,1,97.6
219978707,11A,167,137,30,0,2,82
216346841,10A,178,171,7,0,0,96
217453505,11A,167,156,11,0,0,93.4
249489378,190,16,15,1,0,0,93.7
219709912,11A,167,166,1,0,1,99.4
215867169,12A,167,163,4,0,11,97.6
214323982,12A,167,162,5,0,0,97
209423748,FYS,167,157,10,0,0,94
224820399,190,178,174,4,0,0,97.7
215390063,12A,167,157,10,0,22,94
228527636,190,178,156,22,0,0,87.6
214452336,12D,167,167,0,0,0,100
219744133,11A,167,153,14,0,0,91.6
215884347,12A,167,165,2,0,0,98.8
214451551,12A,167,157,10,0,1,94
208771592,FYS,168,139,28,1,7,83.3
221036437,10A,178,166,12,0,9,93.2
217990290,10A,178,171,7,0,1,96
223064361,10A,178,178,0,0,0,100
220272256,11A,167,166,1,0,0,99.4
220431209,11A,167,167,0,0,1,100
229406152,190,178,173,5,0,1,97.1
216736363,12A,167,160,7,0,1,95.8
216236802,12D,167,164,3,0,1,98.2
214125726,12A,166,152,14,0,0,91.5
238941181,10A,178,178,0,0,6,100
215361429,12A,166,166,0,0,0,100
219205879,10D,178,171,7,0,24,96
209930403,FYS,167,151,16,0,21,90.4
214832487,10A,178,173,5,0,45,97.1
221463706,12A,167,166,1,0,0,99.4
207467879,FYS,167,136,31,0,3,81.4
217271188,11A,167,164,3,0,3,98.2
233448398,12A,167,147,20,0,4,88
229589569,190,178,171,7,0,2,96
225741420,199,177,176,1,0,6,99.4
229069570,190,178,178,0,0,0,100
222482630,10A,178,130,48,0,3,73
220430649,11A,167,167,0,0,1,100
221044134,10A,178,171,7,0,3,96
226809838,10A,178,174,4,0,3,97.7
229149208,0,178,146,32,0,57,82
226580421,10A,178,147,31,0,53,82.5
220271563,11A,167,165,2,0,0,98.8
233600055,190,178,173,5,0,6,97.1
225787878,190,178,173,5,0,0,97.1
220230858,190,178,170,8,0,0,95.5
235671567,190,178,171,7,0,24,96
214380867,10A,178,172,6,0,0,96.6
214381196,FYS,166,154,12,0,0,92.7
221321938,10A,178,176,2,0,0,98.8
220177869,11A,167,147,20,0,0,88
217443183,12A,167,167,0,0,3,100
221340524,10A,178,172,6,0,1,96.6
225237940,190,178,176,2,0,0,98.8
220322440,11A,168,161,5,2,5,97
221045032,10A,178,169,9,0,20,94.9
244846549,12A,167,148,19,0,18,88.6
227253606,0,0,0,0,0,0,0
217192665,12A,167,160,7,0,3,95.8
219594132,11A,167,167,0,0,0,100
219703188,11A,167,166,1,0,0,99.4
214344012,11A,173,166,7,0,0,95.9
221337140,190,176,176,0,0,8,100
229399746,190,178,175,3,0,0,98.3
218630291,12A,167,160,7,0,0,95.8
219761707,11A,167,141,26,0,2,84.4
217946292,11D,167,125,42,0,7,74.8
209193820,FYS,168,159,8,1,5,95.2
220343784,0,178,166,12,0,0,93.2
220826358,12A,167,144,23,0,12,86.2
217266857,12A,167,151,16,0,1,90.4
221223720,10A,178,176,2,0,30,98.8
221130057,0,22,19,3,0,0,86.3
215883950,12A,167,164,3,0,0,98.2
208593269,FYS,167,159,8,0,7,95.2
225049261,190,178,174,4,0,5,97.7
225462837,10A,0,0,0,0,0,0
238550826,190,115,111,4,0,1,96.5
209267160,FYS,38,38,0,0,0,100
247280217,190,115,114,1,0,1,99.1
218602704,10A,110,110,0,0,3,100
215902784,12A,110,110,0,0,1,100
217856194,10A,110,107,3,0,1,97.2
224566059,190,115,115,0,0,2,100
227994597,0,15,15,0,0,0,100
235293644,12A,110,110,0,0,5,100
221317076,10A,110,109,1,0,0,99
223041351,10A,110,108,2,0,0,98.1
215795931,11A,110,102,8,0,1,92.7
219699303,11A,110,109,1,0,0,99
226809945,190,115,112,3,0,3,97.3
224702423,190,0,0,0,0,0,0
221320880,10A,109,106,3,0,0,97.2
218792398,12A,110,109,1,0,0,99
225896174,11A,110,110,0,0,0,100
220178024,11A,111,108,2,1,0,98.1
225573294,0,115,101,14,0,14,87.8
240870212,190,115,115,0,0,0,100
208652768,FYS,110,103,7,0,0,93.6
207532482,FYS,38,38,0,0,0,100
215259300,12A,110,109,1,0,3,99
224281527,190,115,109,6,0,0,94.7
215015157,12A,110,109,1,0,0,99
220138630,FYS,38,38,0,0,0,100
215092461,FYS,38,38,0,0,0,100
225122522,190,115,113,2,0,0,98.2
223992959,10A,110,108,2,0,1,98.1
215578295,FYS,110,33,77,0,2,30
243722998,190,115,114,1,0,2,99.1
215983347,11A,110,105,5,0,2,95.4
227223328,190,0,0,0,0,0,0
224284182,190,115,115,0,0,0,100
232778670,199,115,103,12,0,4,89.5
223125055,10D,110,109,1,0,0,99
222688905,190,115,114,1,0,34,99.1
229136585,11A,110,103,7,0,2,93.6
210575643,12A,110,107,3,0,5,97.2
215941683,11A,110,98,12,0,1,89
221333248,10A,111,106,4,1,3,96.3
224565176,190,115,115,0,0,0,100
215439407,11D,110,99,11,0,0,90
246884522,11A,110,106,4,0,0,96.3
247913817,10A,110,106,4,0,0,96.3
231558644,190,115,108,7,0,49,93.9
209025923,FYS,38,38,0,0,0,100
245004429,10A,110,106,4,0,1,96.3
243703584,11A,110,110,0,0,0,100
219748233,11A,110,105,5,0,0,95.4
223724915,10A,110,110,0,0,0,100
239543150,FYS,38,38,0,0,0,100
249662438,10A,110,100,10,0,0,90.9
227438447,190,115,114,1,0,0,99.1
214207425,12A,110,98,12,0,1,89
230397564,190,115,106,9,0,0,92.1
209288695,FYS,38,38,0,0,0,100
222555377,10A,110,105,5,0,0,95.4
217064237,12A,111,107,3,1,0,97.2
220105902,11D,110,103,7,0,2,93.6
214952152,11A,110,110,0,0,0,100
217939511,11A,110,110,0,0,0,100
214864449,190,115,113,2,0,0,98.2
223145160,0,109,75,34,0,0,68.8
218605244,12A,110,103,7,0,3,93.6
215298001,12A,110,90,20,0,13,81.8
217608058,10A,110,109,1,0,0,99
208536409,12D,110,98,12,0,1,89
216280271,11A,111,98,12,1,1,89.1
214708513,11D,110,109,1,0,1,99
222827081,10A,110,105,5,0,3,95.4
208699256,FYS,110,108,2,0,3,98.1
217266865,12A,110,109,1,0,13,99
225180520,0,115,100,15,0,4,86.9
221316409,10A,72,71,1,0,1,98.6
233638790,190,115,115,0,0,0,100
221322225,10A,110,108,2,0,0,98.1
226084390,190,115,112,3,0,2,97.3
223451907,0,10,10,0,0,0,100
216878447,12A,110,108,2,0,2,98.1
203532015,10A,110,107,3,0,0,97.2
208799304,FYS,38,38,0,0,0,100
219726635,11A,110,81,28,1,33,74.5
222216806,11A,111,89,21,1,4,81
225122639,190,115,111,4,0,39,96.5
209094366,12D,110,91,19,0,7,82.7
225668276,10A,110,110,0,0,1,100
215192287,11A,110,110,0,0,0,100
231462557,10A,110,110,0,0,0,100
219709904,11A,110,109,1,0,0,99
222342073,11A,110,110,0,0,0,100
214309502,FYS,109,108,1,0,0,99
220195267,11A,110,105,5,0,0,95.4
240039024,12A,110,101,9,0,0,91.8
212163596,12A,110,110,0,0,1,100
221277874,190,0,0,0,0,0,0
220459002,11A,110,110,0,0,1,100
219606209,11A,110,102,8,0,0,92.7
221540297,190,115,113,2,0,0,98.2
222780777,199,115,102,13,0,55,88.6
219219235,10A,110,106,4,0,1,96.3
217108224,12A,110,103,7,0,0,93.6
219538261,11A,110,107,3,0,0,97.2
218531184,10D,110,106,4,0,1,96.3
244736369,12A,110,101,9,0,4,91.8
219895497,11A,110,105,5,0,0,95.4
213312861,FYS,38,38,0,0,0,100
220674287,10D,110,108,2,0,1,98.1
218264885,11D,110,107,3,0,0,97.2
215328238,FYS,110,104,6,0,2,94.5
216834234,12A,110,100,10,0,1,90.9
208999573,FYS,110,110,0,0,0,100
220216873,11A,110,110,0,0,0,100
216046219,11D,110,107,3,0,0,97.2
218738029,10A,110,107,3,0,0,97.2
219709870,11A,110,108,2,0,0,98.1
239947898,11A,110,87,23,0,4,79
237512231,11A,110,105,5,0,2,95.4
226604429,190,115,110,5,0,8,95.6
233584689,190,115,114,1,0,1,99.1
220365209,10D,110,101,9,0,2,91.8
238550735,11A,110,106,4,0,0,96.3
223959164,190,115,112,3,0,1,97.3
230329286,190,115,102,13,0,49,88.6
214435091,FYS,110,106,4,0,5,96.3
222781213,10A,110,107,3,0,3,97.2
219928728,11D,110,107,3,0,4,97.2
216862979,10A,110,110,0,0,0,100
214434540,11D,110,110,0,0,0,100
223249996,10A,110,108,2,0,0,98.1
246068589,190,115,111,4,0,4,96.5
221063100,10A,110,109,1,0,0,99
207243940,12A,110,110,0,0,0,100
221318272,10A,110,109,1,0,0,99
225695139,190,115,113,2,0,2,98.2
221128408,11A,110,96,14,0,2,87.2
220154744,11A,110,98,12,0,0,89
226188456,10A,110,63,47,0,0,57.2
219627031,11A,111,109,1,1,1,99
219688637,11A,110,107,3,0,0,97.2
228583332,190,115,113,2,0,7,98.2
220348486,11A,111,105,5,1,1,95.4
220083885,11D,110,99,11,0,3,90
221021108,10A,110,108,2,0,0,98.1
214534000,FYS,110,94,16,0,2,85.4
214510158,FYS,110,109,1,0,15,99
209097120,FYS,110,94,16,0,8,85.4
233320548,11D,110,89,21,0,0,80.9
215430869,FYS,110,109,1,0,0,99
216825604,12A,110,107,3,0,1,97.2
216736470,12A,110,101,9,0,0,91.8
214534018,11A,110,76,34,0,15,69
220791941,199,115,104,11,0,0,90.4
247239874,190,115,115,0,0,0,100
208517334,FYS,110,106,4,0,3,96.3
227958345,190,115,115,0,0,0,100
209284785,FYS,38,38,0,0,0,100
217302165,10A,47,31,16,0,0,65.9
216028555,11A,110,109,1,0,0,99
228527537,0,115,112,3,0,0,97.3
219690286,10A,110,108,2,0,0,98.1
216027417,11A,110,110,0,0,0,100
221535925,11A,111,96,14,1,0,87.3
218509974,11A,110,109,1,0,3,99
208619569,12A,110,109,1,0,3,99
226083913,190,115,114,1,0,2,99.1
226312635,11A,110,110,0,0,1,100
222555450,10A,110,106,4,0,0,96.3
249703869,190,61,61,0,0,0,100
226046068,190,115,112,3,0,0,97.3
227438439,190,115,113,2,0,0,98.2
220769012,190,115,114,1,0,2,99.1
218733970,12A,110,108,2,0,0,98.1
219484912,11A,110,109,1,0,0,99
218733954,12A,110,107,3,0,0,97.2
217022615,11A,110,105,5,0,0,95.4
209076660,12A,110,110,0,0,0,100
244846424,12A,110,107,3,0,0,97.2
217126572,10D,110,81,29,0,2,73.6
244846432,12A,110,106,4,0,9,96.3
244416301,11A,110,110,0,0,0,100
220973192,10A,110,109,1,0,0,99
220250187,0,110,105,5,0,0,95.4
214583395,FYS,110,107,3,0,0,97.2
219976503,11A,110,99,11,0,0,90
219926557,12A,110,101,9,0,5,91.8
214676892,12A,110,109,1,0,0,99
222323602,12A,110,89,21,0,2,80.9
215386632,FYS,111,95,15,1,12,86.4
208101345,FYS,38,38,0,0,0,100
220082291,11A,110,107,3,0,0,97.2
242370732,10A,112,106,4,2,0,96.4
215777442,12A,110,99,11,0,0,90
215848680,FYS,110,103,7,0,0,93.6
236838033,10A,110,97,13,0,0,88.1
222725400,0,111,100,10,1,7,90.9
233766468,190,115,115,0,0,0,100
231720285,10A,110,102,8,0,0,92.7
205465602,190,115,113,2,0,2,98.2
209818681,12A,110,38,72,0,3,34.5
219729720,11D,111,106,4,1,0,96.3
228528147,12A,110,102,8,0,4,92.7
224200212,190,66,60,6,0,9,90.9
238115612,12A,110,110,0,0,0,100
221178007,10D,110,109,1,0,0,99
213319890,FYS,38,38,0,0,0,100
221309073,10A,112,109,1,2,1,99.1
209046697,FYS,38,38,0,0,0,100
216092049,12A,114,113,1,0,3,99.1
220615280,10A,110,100,10,0,0,90.9
218965598,10A,110,109,1,0,2,99
214232886,11A,110,100,10,0,2,90.9
248235731,11A,110,108,2,0,1,98.1
249571068,10A,58,57,1,0,0,98.2
222924169,962,115,115,0,0,0,100
220942684,11A,110,103,7,0,1,93.6
220942692,11A,110,103,7,0,2,93.6
215141466,12A,110,109,1,0,7,99
220650543,190,115,98,17,0,80,85.2
219206067,10A,110,107,3,0,0,97.2
227260650,190,115,112,3,0,0,97.3
237401898,12A,110,91,19,0,3,82.7
218563674,10A,110,110,0,0,0,100
220511240,10A,110,100,10,0,1,90.9
208644047,12A,110,99,11,0,7,90
244645875,0,115,107,8,0,0,93
223991332,10A,110,99,11,0,0,90
220175830,11A,110,109,1,0,0,99
244846556,12A,110,110,0,0,1,100
218536621,12A,110,110,0,0,0,100
215567348,12A,112,107,3,2,0,97.3
207090457,FYS,110,109,1,0,0,99
218594026,12A,110,110,0,0,0,100
209329465,FYS,110,109,1,0,12,99
204338875,10A,111,109,1,1,1,99
228213609,190,116,109,6,1,0,94.8
219217502,10D,110,110,0,0,1,100
230404378,190,115,87,28,0,43,75.6
207293945,12A,110,105,5,0,2,95.4
208929471,FYS,38,38,0,0,0,100
225087303,190,36,27,9,0,12,75
221066970,190,115,114,1,0,11,99.1
209800663,12A,110,83,27,0,5,75.4
215792474,11A,110,105,5,0,0,95.4
215515669,12D,110,108,2,0,0,98.1
227232170,10A,110,110,0,0,0,100
217228469,12D,110,101,9,0,4,91.8
224816603,190,115,114,1,0,12,99.1
215996521,12A,110,104,6,0,2,94.5
220363964,11A,110,108,2,0,0,98.1
220342380,11D,110,109,1,0,4,99
232057109,190,115,110,5,0,1,95.6
211421789,12A,111,103,7,1,1,93.6
230404386,190,115,114,1,0,1,99.1
223568049,10A,110,90,20,0,0,81.8
217323898,12A,110,78,32,0,8,70.9
228071361,190,115,112,3,0,25,97.3
220740989,11A,111,99,11,1,8,90
214621054,FYS,111,108,2,1,2,98.1
220645642,962,115,115,0,0,0,100
237088448,10A,110,107,3,0,0,97.2
234661296,11A,110,104,6,0,0,94.5
215615204,12D,110,106,4,0,0,96.3
219542461,12A,110,107,3,0,1,97.2
222780652,10A,110,106,4,0,0,96.3
219851656,11A,110,96,14,0,11,87.2
220220511,0,110,78,32,0,7,70.9
218653335,12A,110,108,2,0,0,98.1
242349991,10A,110,105,5,0,0,95.4
234723328,10A,110,102,8,0,0,92.7
225574219,199,115,111,4,0,41,96.5
215788936,12A,110,86,24,0,14,78.1
216091959,11D,110,77,33,0,2,70
221861172,10A,111,73,37,1,3,66.6
215436064,12A,111,108,2,1,2,98.1
216993816,12A,110,109,1,0,0,99
226240505,10A,111,108,2,1,0,98.1
223140591,190,116,100,15,1,0,87
220736383,11A,110,109,1,0,0,99
231136466,11A,110,110,0,0,0,100
216142943,12A,110,110,0,0,0,100
223187758,199,115,110,5,0,3,95.6
215216052,FYS,110,86,24,0,1,78.1
220512883,11A,111,108,2,1,3,98.1
217002872,12A,110,108,2,0,0,98.1
219543287,11A,110,103,7,0,0,93.6
231498882,190,115,113,2,0,0,98.2
218675478,12A,110,106,4,0,13,96.3
219740248,10D,110,94,16,0,2,85.4
216930107,10A,110,109,1,0,0,99
246051965,11A,110,110,0,0,0,100
224151944,190,115,111,4,0,0,96.5
246046759,190,115,99,16,0,4,86
220836282,11A,110,102,8,0,0,92.7
218252732,10A,110,105,5,0,0,95.4
207603051,12A,110,106,4,0,18,96.3
219573128,190,0,0,0,0,0,0
215186602,FYS,38,38,0,0,0,100
244618104,10A,97,96,1,0,1,98.9
219979333,12A,111,103,7,1,1,93.6
209219161,12D,110,108,2,0,1,98.1
215338658,FYS,111,110,0,1,1,100
214533689,FYS,38,38,0,0,0,100
240972380,190,115,99,16,0,0,86
216927640,12D,110,109,1,0,0,99
215457441,12D,111,101,9,1,1,91.8
221335953,10A,110,72,38,0,1,65.4
231452814,12A,110,85,25,0,9,77.2
222556615,10A,110,97,13,0,3,88.1
220557052,11A,104,95,9,0,2,91.3
222897563,10A,110,97,13,0,1,88.1
224030270,10A,110,108,2,0,1,98.1
245407473,190,115,105,10,0,5,91.3
220869069,199,116,112,3,1,1,97.4
221493786,10A,110,110,0,0,0,100
216046045,11A,110,110,0,0,0,100
225586957,190,115,114,1,0,1,99.1
214486177,FYS,39,39,0,0,0,100
220193049,11A,111,61,49,1,3,55.8
218861235,FYS,110,110,0,0,0,100
208680835,12A,110,105,5,0,10,95.4
219626835,12A,110,105,5,0,4,95.4
207350869,FYS,110,108,2,0,0,98.1
243370657,11A,110,103,7,0,0,93.6
211584792,11A,110,107,3,0,0,97.2
219783222,190,115,114,1,0,0,99.1
220775779,190,0,0,0,0,0,0
215932310,10A,110,108,2,0,0,98.1
221231517,190,115,114,1,0,2,99.1
237433123,11A,110,108,2,0,0,98.1
217108653,12A,110,110,0,0,0,100
224702480,199,115,104,11,0,5,90.4
219826146,190,115,111,4,0,3,96.5
233766443,190,115,113,2,0,6,98.2
214978132,FYS,39,39,0,0,0,100
237191705,190,115,105,10,0,0,91.3
216091991,12A,110,96,14,0,0,87.2
220578439,190,115,115,0,0,2,100
221698236,190,115,108,7,0,2,93.9
206547598,12D,111,110,0,1,0,100
244846531,12A,110,107,3,0,0,97.2
218560118,12A,110,110,0,0,0,100
214643397,12A,111,110,0,1,0,100
216036764,11A,111,107,3,1,0,97.2
215706300,12D,110,105,5,0,0,95.4
235461415,12A,110,88,22,0,2,80
209076900,FYS,110,108,1,1,2,99
233070978,190,115,112,3,0,1,97.3
229204458,190,115,113,2,0,2,98.2
208946087,FYS,110,110,0,0,10,100
239795701,11A,110,92,18,0,0,83.6
222780975,10A,110,99,11,0,0,90
208764845,FYS,110,110,0,0,0,100
220156962,199,115,115,0,0,2,100
215767617,12A,110,109,1,0,0,99
209088772,12A,110,99,11,0,1,90
216128801,FYS,110,100,10,0,5,90.9
223200205,10A,110,109,1,0,1,99
209173756,FYS,39,39,0,0,0,100
220925275,10A,111,99,11,1,0,90
208061788,10D,110,110,0,0,0,100
208968321,FYS,41,41,0,0,0,100
217767607,12A,110,107,3,0,0,97.2
215994971,12A,110,105,5,0,1,95.4
219996923,11A,110,107,3,0,0,97.2
209903624,FYS,41,41,0,0,0,100
239893373,190,115,114,1,0,1,99.1
215779943,12A,110,107,3,0,8,97.2
216517144,12A,110,91,19,0,1,82.7
225865278,190,115,110,5,0,0,95.6
221286198,10A,110,109,1,0,0,99
206548968,12A,110,110,0,0,0,100
221909922,0,10,2,8,0,0,20
214467565,FYS,110,110,0,0,5,100
224422501,199,115,112,3,0,0,97.3
220690861,0,115,111,4,0,0,96.5
225587062,190,115,113,2,0,7,98.2
209170976,11A,110,92,18,0,7,83.6
227171097,12A,110,95,15,0,5,86.3
223695032,10A,110,87,23,0,0,79
224665240,0,115,112,3,0,0,97.3
220281463,11D,110,109,1,0,0,99
215364704,12D,111,106,4,1,0,96.3
223073354,10A,110,104,6,0,0,94.5
217447986,12A,111,105,5,1,1,95.4
230598427,190,115,114,1,0,0,99.1
220785109,11A,110,88,22,0,0,80
214664377,FYS,110,109,1,0,9,99
219697349,11D,110,108,2,0,3,98.1
219702420,11A,110,105,5,0,3,95.4
217115575,12D,110,102,8,0,1,92.7
226084531,190,115,115,0,0,0,100
221335151,10A,110,103,7,0,0,93.6
220822290,11A,110,110,0,0,0,100
216907519,11A,110,99,11,0,0,90
220110043,12A,110,110,0,0,0,100
223457607,10A,110,100,10,0,9,90.9
217442177,11A,110,102,8,0,0,92.7
217021260,12A,110,109,1,0,0,99
220239032,10A,110,93,17,0,7,84.5
240873893,12A,111,109,1,1,0,99
209312636,FYS,41,41,0,0,0,100
220640775,10D,111,99,11,1,0,90
214367831,FYS,41,41,0,0,0,100
221331622,10A,110,107,3,0,2,97.2
215574658,FYS,41,41,0,0,0,100
216443549,12D,110,106,4,0,1,96.3
227178167,10A,110,107,3,0,1,97.2
221321243,10A,110,108,2,0,0,98.1
220309694,11A,110,88,22,0,0,80
209266832,FYS,41,41,0,0,0,100
219720067,11A,110,106,4,0,0,96.3
229108428,190,116,114,1,1,1,99.1
228527644,190,115,113,2,0,3,98.2
220741094,11A,110,110,0,0,0,100
206341604,12A,111,104,6,1,0,94.5
218658458,12A,110,106,4,0,14,96.3
215886276,12D,110,110,0,0,0,100
224297192,190,118,114,1,3,10,99.1
214104770,12A,110,110,0,0,0,100
235311818,10A,110,110,0,0,0,100
220962518,10A,110,109,1,0,0,99
243991627,11A,110,100,10,0,1,90.9
219978707,11A,110,92,18,0,3,83.6
216346841,10A,110,108,2,0,0,98.1
217453505,11A,110,105,5,0,2,95.4
249489378,190,115,115,0,0,1,100
219709912,11A,110,110,0,0,0,100
215867169,12A,110,110,0,0,2,100
214323982,12A,110,107,3,0,0,97.2
209423748,FYS,41,41,0,0,0,100
224820399,190,115,112,3,0,0,97.3
215390063,12A,111,105,5,1,4,95.4
228527636,190,115,103,12,0,0,89.5
214452336,12D,110,104,6,0,0,94.5
219744133,11A,110,107,3,0,2,97.2
215884347,12A,110,106,4,0,0,96.3
214451551,12A,110,107,3,0,0,97.2
208771592,FYS,41,41,0,0,0,100
221036437,10A,110,108,2,0,0,98.1
217990290,10A,110,109,1,0,0,99
223064361,10A,110,110,0,0,0,100
220272256,11A,111,110,0,1,2,100
220431209,11A,110,109,1,0,1,99
229406152,190,115,113,2,0,1,98.2
214291494,12A,1,0,1,0,0,0
216736363,12A,111,103,7,1,1,93.6
216236802,12D,110,109,1,0,2,99
214125726,12A,110,99,11,0,3,90
238941181,10A,110,108,2,0,1,98.1
215361429,12A,110,108,2,0,4,98.1
219205879,10D,110,109,1,0,0,99
209930403,FYS,41,41,0,0,0,100
214832487,10A,110,108,2,0,0,98.1
221463706,12A,110,107,3,0,1,97.2
207467879,FYS,110,90,20,0,13,81.8
217271188,11A,110,106,4,0,15,96.3
233448398,12A,112,77,33,2,36,70.5
229589569,190,115,106,9,0,0,92.1
225741420,199,115,114,1,0,0,99.1
229069570,190,115,115,0,0,0,100
222482630,10A,110,87,23,0,1,79
220430649,11A,110,109,1,0,0,99
221044134,10A,109,104,5,0,0,95.4
226809838,10A,110,110,0,0,0,100
229149208,0,115,103,12,0,70,89.5
226580421,10A,110,100,10,0,0,90.9
239427255,10A,111,107,3,1,0,97.2
243756632,10A,96,81,15,0,0,84.3
220271563,11A,110,108,2,0,0,98.1
233600055,190,115,109,6,0,3,94.7
225787878,190,116,110,5,1,0,95.6
220230858,190,115,114,1,0,0,99.1
235671567,190,115,112,3,0,20,97.3
214380867,10A,110,110,0,0,0,100
214381196,FYS,111,93,17,1,3,84.6
221321938,10A,110,108,2,0,0,98.1
220177869,11A,110,97,13,0,0,88.1
217443183,12A,110,109,1,0,0,99
221340524,10A,110,110,0,0,0,100
225237940,190,115,105,10,0,0,91.3
220322440,11A,110,109,1,0,1,99
221045032,10A,110,106,4,0,0,96.3
244846549,12A,110,107,3,0,22,97.2
227253606,0,0,0,0,0,0,0
217192665,12A,110,109,1,0,2,99
219594132,11A,110,110,0,0,0,100
219703188,11A,110,107,3,0,0,97.2
214344012,11A,110,110,0,0,1,100
221337140,190,113,113,0,0,11,100
229399746,190,115,114,1,0,2,99.1
218630291,12A,110,108,2,0,6,98.1
219761707,11A,110,78,32,0,8,70.9
217946292,11D,110,99,11,0,3,90
249571241,11A,55,51,4,0,0,92.7
209193820,FYS,41,41,0,0,0,100
220343784,0,115,106,9,0,0,92.1
220826358,12A,111,92,18,1,0,83.7
217266857,12A,110,107,3,0,1,97.2
221223720,10A,110,109,1,0,1,99
215883950,12A,110,110,0,0,0,100
208593269,FYS,41,41,0,0,0,100
225049261,190,115,115,0,0,0,100
225462837,10A,110,108,2,0,0,98.1
209267160,FYS,144,143,1,0,0,99.3
208652768,FYS,144,143,1,0,0,99.3
207532482,FYS,144,143,1,0,0,99.3
220138630,FYS,144,143,1,0,0,99.3
215092461,FYS,144,143,1,0,0,99.3
215578295,FYS,144,142,2,0,0,98.6
209025923,FYS,144,143,1,0,0,99.3
239543150,FYS,144,143,1,0,0,99.3
209288695,FYS,144,143,1,0,0,99.3
208699256,FYS,144,143,1,0,0,99.3
208799304,FYS,144,143,1,0,0,99.3
214309502,FYS,144,143,1,0,0,99.3
213312861,FYS,144,143,1,0,0,99.3
215328238,FYS,144,143,1,0,0,99.3
208999573,FYS,144,143,1,0,0,99.3
214435091,FYS,144,143,1,0,0,99.3
214534000,FYS,144,143,1,0,0,99.3
214510158,FYS,144,143,1,0,0,99.3
209097120,FYS,144,143,1,0,0,99.3
215430869,FYS,144,143,1,0,0,99.3
208517334,FYS,141,141,0,0,0,100
209284785,FYS,144,143,1,0,0,99.3
214583395,FYS,144,143,1,0,0,99.3
215386632,FYS,144,142,2,0,0,98.6
208101345,FYS,144,143,1,0,0,99.3
215848680,FYS,144,143,1,0,0,99.3
213319890,FYS,144,143,1,0,0,99.3
209046697,FYS,144,143,1,0,0,99.3
207090457,FYS,144,143,1,0,0,99.3
209329465,FYS,144,143,1,0,0,99.3
208929471,FYS,144,143,1,0,0,99.3
214621054,FYS,144,143,1,0,0,99.3
215216052,FYS,129,90,39,0,0,69.7
215186602,FYS,144,143,1,0,0,99.3
215338658,FYS,144,143,1,0,0,99.3
214533689,FYS,144,143,1,0,0,99.3
214486177,FYS,144,143,1,0,0,99.3
218861235,FYS,144,143,1,0,0,99.3
207350869,FYS,144,143,1,0,0,99.3
214978132,FYS,144,143,1,0,0,99.3
209076900,FYS,144,143,1,0,0,99.3
208946087,FYS,144,143,1,0,0,99.3
208764845,FYS,144,143,1,0,0,99.3
216128801,FYS,144,143,1,0,0,99.3
209173756,FYS,144,143,1,0,0,99.3
208968321,FYS,144,143,1,0,0,99.3
209903624,FYS,144,143,1,0,0,99.3
214467565,FYS,78,77,1,0,0,98.7
214664377,FYS,144,143,1,0,0,99.3
209312636,FYS,144,143,1,0,0,99.3
214367831,FYS,144,143,1,0,0,99.3
215574658,FYS,144,143,1,0,0,99.3
209266832,FYS,144,143,1,0,0,99.3
209423748,FYS,144,143,1,0,0,99.3
208771592,FYS,144,143,1,0,0,99.3
209930403,FYS,144,143,1,0,0,99.3
207467879,FYS,44,44,0,0,0,100
214381196,FYS,144,143,1,0,0,99.3
209193820,FYS,144,143,1,0,0,99.3
208593269,FYS,144,143,1,0,0,99.3
227994597,0,144,136,8,0,1,94.4
225573294,0,129,125,4,0,0,96.8
223145160,0,139,94,45,0,0,67.6
223571688,0,144,144,0,0,0,100
225180520,0,142,141,1,0,0,99.2
223451907,0,106,106,0,0,0,100
228527537,0,113,104,9,0,0,92
220250187,0,144,137,7,0,0,95.1
222725400,0,32,23,9,0,0,71.8
244645875,0,144,142,2,0,0,98.6
220220511,0,144,50,94,0,2,34.7
222668337,0,137,128,9,0,0,93.4
221909922,0,119,119,0,0,0,100
220690861,0,141,141,0,0,0,100
224665240,0,141,141,0,0,0,100
229464540,0,144,144,0,0,0,100
224565945,0,114,111,3,0,0,97.3
229149208,0,144,143,1,0,0,99.3
227253606,0,144,142,2,0,0,98.6
220343784,0,141,141,0,0,0,100
221130057,0,144,138,6,0,0,95.8
218602704,10A,144,117,27,0,0,81.2
217856194,10A,144,111,33,0,0,77
221317076,10A,144,143,1,0,0,99.3
223041351,10A,144,144,0,0,0,100
221320880,10A,144,142,2,0,0,98.6
223992959,10A,144,144,0,0,0,100
221333248,10A,144,139,5,0,0,96.5
247913817,10A,144,141,3,0,0,97.9
245004429,10A,144,135,9,0,0,93.7
223724915,10A,144,142,2,0,0,98.6
249662438,10A,144,135,9,0,0,93.7
222555377,10A,144,143,1,0,0,99.3
217608058,10A,144,142,2,0,0,98.6
222827081,10A,144,143,1,0,0,99.3
221316409,10A,144,143,1,0,0,99.3
221322225,10A,144,140,4,0,0,97.2
203532015,10A,144,143,1,0,0,99.3
225668276,10A,144,141,3,0,0,97.9
231462557,10A,144,143,1,0,0,99.3
219219235,10A,144,143,1,0,1,99.3
218738029,10A,144,143,1,0,0,99.3
222781213,10A,144,142,2,0,0,98.6
216862979,10A,144,143,1,0,0,99.3
223249996,10A,144,142,2,0,0,98.6
221063100,10A,144,138,6,0,0,95.8
221318272,10A,144,86,58,0,0,59.7
226188456,10A,144,10,134,0,1,6.9
221021108,10A,144,144,0,0,0,100
217302165,10A,143,125,18,0,0,87.4
219690286,10A,144,134,10,0,0,93
222555450,10A,144,143,1,0,0,99.3
220973192,10A,144,143,1,0,0,99.3
242370732,10A,144,143,1,0,0,99.3
236838033,10A,144,138,6,0,0,95.8
231720285,10A,144,137,7,0,0,95.1
221309073,10A,144,143,1,0,0,99.3
220615280,10A,144,139,5,0,0,96.5
218965598,10A,144,144,0,0,0,100
249571068,10A,144,144,0,0,0,100
219206067,10A,144,143,1,0,0,99.3
218563674,10A,144,142,2,0,0,98.6
220511240,10A,144,127,17,0,0,88.1
223991332,10A,144,144,0,0,0,100
204338875,10A,142,62,80,0,0,43.6
227232170,10A,144,143,1,0,0,99.3
223568049,10A,141,129,12,0,0,91.4
237088448,10A,144,144,0,0,0,100
222780652,10A,144,132,12,0,0,91.6
242349991,10A,142,119,23,0,0,83.8
234723328,10A,144,141,3,0,0,97.9
221861172,10A,143,85,58,0,0,59.4
226240505,10A,144,142,2,0,0,98.6
216930107,10A,144,139,5,0,0,96.5
218252732,10A,144,135,9,0,0,93.7
244618104,10A,144,143,1,0,0,99.3
221335953,10A,144,131,13,0,0,90.9
222556615,10A,143,72,71,1,0,50.3
222897563,10A,144,67,77,0,0,46.5
224030270,10A,144,143,1,0,0,99.3
221493786,10A,144,143,1,0,0,99.3
215932310,10A,144,141,3,0,0,97.9
222780975,10A,144,92,52,0,0,63.8
223200205,10A,144,137,7,0,0,95.1
220925275,10A,144,138,6,0,0,95.8
221286198,10A,144,131,13,0,0,90.9
223695032,10A,144,144,0,0,0,100
223073354,10A,144,144,0,0,0,100
221335151,10A,142,138,4,0,0,97.1
223457607,10A,144,135,9,0,0,93.7
220239032,10A,143,51,92,0,0,35.6
221331622,10A,144,132,12,0,0,91.6
227178167,10A,144,142,2,0,0,98.6
221321243,10A,144,142,2,0,0,98.6
235311818,10A,144,144,0,0,0,100
220962518,10A,144,142,2,0,0,98.6
216346841,10A,144,144,0,0,0,100
221036437,10A,144,143,1,0,0,99.3
217990290,10A,144,143,1,0,0,99.3
223064361,10A,144,144,0,0,0,100
238941181,10A,144,136,8,0,0,94.4
214832487,10A,144,106,38,0,0,73.6
222482630,10A,144,130,14,0,0,90.2
221044134,10A,144,135,9,0,0,93.7
226809838,10A,144,139,5,0,0,96.5
226580421,10A,144,142,2,0,0,98.6
239427255,10A,144,141,3,0,0,97.9
243756632,10A,144,126,18,0,0,87.5
214380867,10A,144,144,0,0,0,100
221321938,10A,144,127,17,0,0,88.1
221340524,10A,144,143,1,0,0,99.3
221045032,10A,144,80,64,0,0,55.5
221223720,10A,144,102,42,0,0,70.8
225462837,10A,144,143,1,0,0,99.3
223125055,10D,144,137,7,0,0,95.1
218531184,10D,144,131,13,0,0,90.9
220674287,10D,144,142,2,0,0,98.6
220365209,10D,142,111,31,0,0,78.1
217126572,10D,144,110,34,0,0,76.3
221178007,10D,144,140,4,0,0,97.2
219217502,10D,144,143,1,0,0,99.3
219740248,10D,144,135,9,0,0,93.7
208061788,10D,144,144,0,0,0,100
220640775,10D,143,99,44,0,0,69.2
219205879,10D,144,143,1,0,0,99.3
215795931,11A,144,135,9,0,0,93.7
219699303,11A,144,143,1,0,0,99.3
225896174,11A,144,141,3,0,0,97.9
220178024,11A,144,144,0,0,0,100
215983347,11A,144,122,22,0,0,84.7
229136585,11A,144,135,9,0,0,93.7
215941683,11A,144,130,14,0,0,90.2
246884522,11A,144,142,2,0,0,98.6
243703584,11A,144,143,1,0,0,99.3
219748233,11A,144,139,5,0,0,96.5
214952152,11A,144,138,6,0,0,95.8
217939511,11A,144,142,2,0,0,98.6
216280271,11A,144,139,5,0,0,96.5
219726635,11A,144,132,12,0,0,91.6
222216806,11A,144,80,64,0,0,55.5
215192287,11A,144,143,1,0,0,99.3
219709904,11A,143,128,15,0,0,89.5
222342073,11A,144,143,1,0,0,99.3
220195267,11A,144,134,10,0,0,93
220459002,11A,144,131,13,0,0,90.9
219606209,11A,144,144,0,0,0,100
219538261,11A,144,128,16,0,0,88.8
219895497,11A,144,144,0,0,0,100
220216873,11A,144,144,0,0,0,100
219709870,11A,144,141,3,0,0,97.9
239947898,11A,144,113,31,0,0,78.4
237512231,11A,144,131,13,0,0,90.9
238550735,11A,144,139,5,0,0,96.5
221128408,11A,144,136,8,0,0,94.4
220154744,11A,144,132,12,0,0,91.6
219627031,11A,144,138,6,0,0,95.8
219688637,11A,144,143,1,0,0,99.3
220348486,11A,144,140,4,0,0,97.2
214534018,11A,144,36,108,0,0,25
216028555,11A,144,144,0,0,0,100
216027417,11A,144,136,8,0,0,94.4
221535925,11A,144,133,11,0,0,92.3
218509974,11A,144,129,15,0,0,89.5
226312635,11A,144,142,2,0,0,98.6
219484912,11A,144,144,0,0,0,100
217022615,11A,144,121,23,0,0,84
244416301,11A,144,143,1,0,0,99.3
219976503,11A,144,144,0,0,0,100
220082291,11A,144,143,1,0,0,99.3
214232886,11A,144,88,56,0,0,61.1
248235731,11A,144,131,13,0,0,90.9
220942684,11A,144,141,3,0,0,97.9
220942692,11A,144,140,4,0,0,97.2
220175830,11A,144,142,2,0,0,98.6
215792474,11A,144,130,14,0,0,90.2
220363964,11A,144,133,11,0,0,92.3
220740989,11A,143,133,10,0,0,93
234661296,11A,144,143,1,0,0,99.3
219851656,11A,144,113,31,0,0,78.4
220736383,11A,144,144,0,0,0,100
231136466,11A,144,142,2,0,0,98.6
220512883,11A,144,124,20,0,0,86.1
219543287,11A,144,144,0,0,0,100
246051965,11A,144,142,2,0,0,98.6
220836282,11A,144,144,0,0,0,100
220557052,11A,144,114,30,0,0,79.1
216046045,11A,144,144,0,0,0,100
220193049,11A,141,105,36,1,0,74.4
243370657,11A,144,141,3,0,0,97.9
211584792,11A,144,143,1,0,0,99.3
237433123,11A,144,140,4,0,0,97.2
216036764,11A,144,142,2,0,0,98.6
239795701,11A,144,144,0,0,0,100
219996923,11A,144,143,1,0,0,99.3
209170976,11A,144,138,6,0,0,95.8
220785109,11A,143,113,30,0,0,79
219702420,11A,143,124,19,0,0,86.7
220822290,11A,144,143,1,0,0,99.3
216907519,11A,144,134,10,0,0,93
217442177,11A,144,142,2,0,0,98.6
220309694,11A,144,61,83,0,0,42.3
219720067,11A,144,142,2,0,0,98.6
220741094,11A,144,143,1,0,0,99.3
243991627,11A,144,133,11,0,0,92.3
219978707,11A,144,94,50,0,0,65.2
217453505,11A,144,98,46,0,0,68
219709912,11A,144,127,17,0,0,88.1
219744133,11A,144,106,38,0,0,73.6
220272256,11A,144,134,10,0,0,93
220431209,11A,144,125,19,0,0,86.8
217271188,11A,144,96,48,1,0,66.6
220430649,11A,144,144,0,0,0,100
220271563,11A,144,143,1,0,0,99.3
220177869,11A,144,133,11,0,0,92.3
220322440,11A,144,128,16,0,0,88.8
219594132,11A,144,144,0,0,0,100
219703188,11A,144,139,5,0,0,96.5
214344012,11A,144,122,22,0,0,84.7
219761707,11A,144,140,4,0,0,97.2
249571241,11A,144,142,2,0,0,98.6
215439407,11D,144,139,5,0,0,96.5
220105902,11D,144,139,5,0,0,96.5
214708513,11D,144,143,1,0,0,99.3
218264885,11D,144,140,4,0,0,97.2
216046219,11D,144,144,0,0,0,100
219928728,11D,144,125,19,0,0,86.8
214434540,11D,144,143,1,0,0,99.3
220083885,11D,144,109,35,0,0,75.6
233320548,11D,144,128,16,0,0,88.8
219729720,11D,144,133,11,0,0,92.3
220342380,11D,144,143,1,0,0,99.3
216091959,11D,144,40,104,0,0,27.7
220281463,11D,144,123,21,0,0,85.4
219697349,11D,144,139,5,0,0,96.5
217946292,11D,144,132,12,0,0,91.6
215902784,12A,144,120,24,0,0,83.3
235293644,12A,144,144,0,0,0,100
218792398,12A,144,141,3,0,0,97.9
215259300,12A,144,139,5,0,0,96.5
215015157,12A,144,143,1,0,0,99.3
210575643,12A,144,126,18,0,0,87.5
214207425,12A,144,138,6,0,0,95.8
217064237,12A,144,144,0,0,0,100
218605244,12A,144,131,13,0,0,90.9
215298001,12A,144,56,88,0,0,38.8
217266865,12A,144,136,8,0,0,94.4
216878447,12A,144,128,16,0,0,88.8
240039024,12A,144,144,0,0,0,100
212163596,12A,144,143,1,0,0,99.3
217108224,12A,144,128,16,0,0,88.8
244736369,12A,144,116,28,0,0,80.5
216834234,12A,144,141,3,0,0,97.9
207243940,12A,144,140,4,0,0,97.2
216825604,12A,144,128,16,0,0,88.8
216736470,12A,144,129,15,0,0,89.5
208619569,12A,144,132,12,0,0,91.6
218733970,12A,144,115,29,0,0,79.8
218733954,12A,144,83,61,1,0,57.6
209076660,12A,144,136,8,0,0,94.4
244846424,12A,144,139,5,0,0,96.5
244846432,12A,144,141,3,0,0,97.9
219926557,12A,144,140,4,0,0,97.2
214676892,12A,144,141,3,0,0,97.9
222323602,12A,144,46,98,0,0,31.9
215777442,12A,144,143,1,0,0,99.3
209818681,12A,143,71,72,0,0,49.6
228528147,12A,144,132,12,0,0,91.6
238115612,12A,144,135,9,0,0,93.7
216092049,12A,144,142,2,0,0,98.6
215141466,12A,144,132,12,0,0,91.6
237401898,12A,144,93,51,0,0,64.5
208644047,12A,144,101,43,0,0,70.1
244846556,12A,144,144,0,0,0,100
218536621,12A,144,134,10,0,0,93
215567348,12A,144,121,23,0,0,84
218594026,12A,144,143,1,0,0,99.3
207293945,12A,143,110,33,0,0,76.9
209800663,12A,144,29,115,0,0,20.1
215996521,12A,144,129,15,0,0,89.5
211421789,12A,144,119,25,0,0,82.6
217323898,12A,144,97,47,0,0,67.3
219542461,12A,144,140,4,0,0,97.2
218653335,12A,144,142,2,0,0,98.6
215788936,12A,144,43,101,0,0,29.8
215436064,12A,144,134,10,0,0,93
216993816,12A,144,126,18,0,0,87.5
216142943,12A,144,143,1,0,0,99.3
217002872,12A,144,139,5,0,0,96.5
218675478,12A,144,144,0,0,0,100
207603051,12A,144,126,18,0,0,87.5
219979333,12A,144,126,18,0,0,87.5
231452814,12A,144,128,16,0,0,88.8
208680835,12A,144,144,0,0,0,100
219626835,12A,144,140,4,0,0,97.2
217108653,12A,144,141,3,0,0,97.9
216091991,12A,144,121,23,0,0,84
244846531,12A,144,144,0,0,0,100
218560118,12A,142,136,6,0,0,95.7
214643397,12A,144,140,4,0,0,97.2
235461415,12A,144,129,15,0,0,89.5
215767617,12A,144,99,45,0,0,68.7
209088772,12A,144,134,10,0,0,93
217767607,12A,144,144,0,0,0,100
215994971,12A,144,129,15,0,0,89.5
215779943,12A,144,131,13,0,0,90.9
216517144,12A,144,59,85,0,0,40.9
206548968,12A,144,129,15,0,0,89.5
227171097,12A,144,107,37,0,0,74.3
217447986,12A,144,142,2,0,0,98.6
220110043,12A,143,133,10,0,0,93
217021260,12A,144,140,4,0,0,97.2
240873893,12A,144,128,16,0,0,88.8
206341604,12A,144,87,57,1,0,60.4
218658458,12A,144,135,9,0,0,93.7
214104770,12A,144,144,0,0,0,100
215867169,12A,144,127,17,0,0,88.1
214323982,12A,144,123,21,0,0,85.4
215390063,12A,144,132,12,0,0,91.6
215884347,12A,144,143,1,0,0,99.3
214451551,12A,144,131,13,0,0,90.9
214291494,12A,143,127,16,0,0,88.8
216736363,12A,144,138,6,0,0,95.8
214125726,12A,144,136,8,0,0,94.4
215361429,12A,144,140,4,0,0,97.2
221463706,12A,144,144,0,0,0,100
233448398,12A,144,87,57,0,0,60.4
217443183,12A,144,142,2,0,0,98.6
244846549,12A,144,50,94,0,0,34.7
217192665,12A,144,134,10,0,0,93
218630291,12A,144,142,2,0,0,98.6
220826358,12A,144,116,28,0,0,80.5
217266857,12A,144,137,7,0,0,95.1
215883950,12A,144,133,11,0,0,92.3
208536409,12D,144,126,18,1,0,87.5
209094366,12D,144,133,11,0,0,92.3
215515669,12D,144,140,4,0,0,97.2
217228469,12D,144,131,13,0,0,90.9
215615204,12D,144,119,25,0,0,82.6
209219161,12D,144,134,10,0,0,93
216927640,12D,144,63,81,0,0,43.7
215457441,12D,144,128,16,0,0,88.8
206547598,12D,144,131,13,0,0,90.9
215706300,12D,144,141,3,0,0,97.9
215364704,12D,144,129,15,0,0,89.5
217115575,12D,144,134,10,0,0,93
216443549,12D,144,143,1,0,0,99.3
215886276,12D,144,142,2,0,0,98.6
214452336,12D,144,144,0,0,0,100
216236802,12D,144,134,10,0,0,93
238550826,190,144,142,2,0,0,98.6
247280217,190,144,144,0,0,0,100
221213218,190,144,138,6,0,0,95.8
224566059,190,144,142,2,0,0,98.6
226809945,190,144,112,32,0,0,77.7
224702423,190,144,144,0,0,0,100
240870212,190,144,144,0,0,0,100
224281527,190,144,139,5,0,0,96.5
225122522,190,144,141,3,0,0,97.9
243722998,190,144,140,4,0,0,97.2
227223328,190,144,136,8,0,0,94.4
224284182,190,144,144,0,0,0,100
222688905,190,144,142,2,0,0,98.6
224565176,190,144,142,2,0,0,98.6
231558644,190,141,80,61,0,0,56.7
227438447,190,144,144,0,0,0,100
230397564,190,144,140,4,0,0,97.2
214864449,190,144,143,1,0,0,99.3
233638790,190,144,144,0,0,0,100
226084390,190,144,139,5,0,0,96.5
225122639,190,144,133,11,0,0,92.3
221277874,190,144,143,1,0,0,99.3
221540297,190,144,142,2,0,0,98.6
225649318,190,144,140,4,0,0,97.2
226604429,190,144,142,2,0,0,98.6
233584689,190,144,144,0,0,0,100
223959164,190,144,143,1,0,0,99.3
230329286,190,144,131,13,0,0,90.9
246068589,190,144,139,5,0,0,96.5
225695139,190,144,140,4,0,0,97.2
228583332,190,144,142,2,0,0,98.6
247239874,190,144,140,4,0,0,97.2
227958345,190,144,144,0,0,0,100
226083913,190,144,122,22,0,0,84.7
249703869,190,144,143,1,0,0,99.3
226046068,190,144,141,3,0,0,97.9
227438439,190,144,140,4,0,0,97.2
220769012,190,144,142,2,0,0,98.6
233766468,190,144,143,1,0,0,99.3
205465602,190,144,140,4,0,0,97.2
224200212,190,144,131,13,0,0,90.9
218553394,190,144,134,10,0,0,93
220650543,190,144,113,31,0,0,78.4
227260650,190,144,141,3,0,0,97.9
228213609,190,144,141,3,0,0,97.9
230404378,190,144,130,14,0,0,90.2
225087303,190,144,142,2,0,0,98.6
221066970,190,144,136,8,0,0,94.4
224816603,190,144,126,18,0,0,87.5
232057109,190,144,135,9,0,0,93.7
230404386,190,144,144,0,0,0,100
228071361,190,144,144,0,0,0,100
223140591,190,144,126,18,0,0,87.5
231498882,190,144,143,1,0,0,99.3
224151944,190,144,140,4,0,0,97.2
246046759,190,144,134,10,0,0,93
219573128,190,144,141,3,0,0,97.9
240972380,190,144,139,5,0,0,96.5
245407473,190,144,142,2,0,0,98.6
225586957,190,143,136,7,0,0,95.1
219783222,190,143,143,0,0,0,100
220775779,190,144,138,6,0,0,95.8
221231517,190,144,143,1,0,0,99.3
219826146,190,144,142,2,0,0,98.6
233766443,190,144,140,4,0,0,97.2
237191705,190,144,140,4,0,0,97.2
219205499,190,144,144,0,0,0,100
220578439,190,144,144,0,0,0,100
221698236,190,144,142,2,0,0,98.6
233070978,190,144,143,1,0,0,99.3
229204458,190,144,141,3,0,0,97.9
239893373,190,144,139,5,0,0,96.5
225865278,190,144,140,4,0,0,97.2
225587062,190,144,136,8,0,0,94.4
230598427,190,144,143,1,0,0,99.3
226084531,190,144,143,1,0,0,99.3
229108428,190,144,137,7,0,0,95.1
228527644,190,144,143,1,0,0,99.3
224297192,190,144,133,11,0,0,92.3
249489378,190,144,141,3,0,0,97.9
224820399,190,144,143,1,0,0,99.3
228527636,190,144,143,1,0,0,99.3
229406152,190,144,144,0,0,0,100
229589569,190,144,142,2,0,0,98.6
229069570,190,143,142,1,0,0,99.3
233600055,190,144,143,1,0,0,99.3
225787878,190,144,144,0,0,0,100
220230858,190,144,144,0,0,0,100
235671567,190,144,143,1,0,0,99.3
225237940,190,144,134,10,0,0,93
221337140,190,144,137,7,0,0,95.1
229399746,190,144,144,0,0,0,100
225049261,190,144,144,0,0,0,100
232778670,199,144,141,3,0,0,97.9
222780777,199,142,119,23,0,0,83.8
220791941,199,144,144,0,0,0,100
225574219,199,144,142,2,0,0,98.6
223187758,199,144,137,7,0,0,95.1
220869069,199,144,143,1,0,0,99.3
224702480,199,144,133,11,0,0,92.3
220156962,199,144,144,0,0,0,100
224422501,199,144,143,1,0,0,99.3
225741420,199,144,143,1,0,0,99.3
222924169,962,144,144,0,0,0,100
220645642,962,144,118,26,0,0,81.9
